rank,Plant_Name,Street_Address,City,County,State,Latitude,Longitude,source,site_id,brownfield_type,naics_code,total_mw,current_owner,owner_source,franchise_tax_status,nearest_sub_kv,dist_to_sub_mi,tx_lines_5mi,sub_capacity_mva_est,grid_capacity_mw_est,county_generation_mw,transmission_utility,dist_to_pipeline_mi,pipeline_operator,pipeline_type,pipeline_dia_est,pipeline_pressure_psi,pipeline_operators_5mi,pipeline_max_dia_inches,pipeline_best_operator,dist_to_water_mi,water_basin,water_permitted_af,parcel_acres,cad_acres,osm_acres,acres_source,retirement_confidence,retirement_signals,rcra_corrective_action,nearest_metro,dist_to_metro_mi,energy_community,nri_risk_score,nri_risk_rating,nri_earthquake,nri_tornado,nri_hurricane,wetland_overlap,protected_area_nearby,seismic_ss,seismic_s1,seismic_sdc,soil_type,soil_drainage,soil_hydric,storm_tornado_count,storm_wind_count,fiber_max_speed_mbps,has_air_permit,total_score,score_gas,score_substation,score_tx_redundancy,score_brownfield,score_state,score_water,score_metro,score_utility_rate,score_parcel,score_air_permit,score_fiber,score_opportunity_zone,score_flood_risk,score_seismic,opportunity_zone,flood_zone,eia860_retired,infra_score,score_retirement_mult
1,AURORA ACQUISITION CORPORATION,ROUTE 19 NORTH STREET,HEPZIBAH,HARRISON,WV,39.333418,-80.33397,FRS,FRS_110013725102,Wood/Lumber Mill,321,,FRANKLIN BRADLEY T,WV_STATEWIDE,,138.0,1.9679795002134142,4,50-200,525.0,2052.0,Monongahela Power Co,2.889825938817709,Equitrans Inc,Interstate,"20-30""",1000.0,Dominion Transmission Co; Equitrans Inc,30.0,Dominion Transmission Co,5.397830253829792,West Fork (HUC8: 05020002),,28.01615796,28.0,,,HIGH,TRI_CLOSED_FLAG; INSPECTION_LAPSED_10YR; AIR_PERMIT_PERMANENTLY_CLOSED,,"Pittsburgh, PA",54.98389726473568,No,73.60050890585241,Relatively Low,Very Low,Relatively Low,Relatively Low,,,0.13,0.056,B,Monongahela,Moderately well drained,No,1,133,1000,True,85.41863736652849,11.220348122364582,5.0,10.0,10.0,11,0.0,0.8360171225440527,7.362272121619846,0.0,5.0,10.0,0.0,5.0,10.0,False,,False,85.41863736652849,1.0
2,"ALLEGHENY WOOD PRODUCTS, INC.",212 RESOURCE DRIVE OFF RAGLAND ROAD,BECKLEY,RALEIGH,WV,37.807258,-81.171511,FRS,FRS_110020145261,Wood/Lumber Mill,321,,ALLEGHENY WOOD PRODUCTS INC,WV_STATEWIDE,,138.0,1.4312086977290528,1,50-200,225.0,3.0,Appalachian Power Co,2.9419057004090043,Columbia Gas Trans Co,Interstate,"24-30""",1000.0,Columbia Gas Trans Co,30.0,Columbia Gas Trans Co,5.808312300448787,Lower New (HUC8: 05050004),,53.84074381,53.8,,,HIGH,TRI_CLOSED_FLAG; INSPECTION_LAPSED_5YR; NPDES_ALL_TERMINATED,,"Charleston, WV",26.804624597938624,No,65.52162849872774,Relatively Low,Relatively Low,Very Low,Very Low,,,0.24,0.074,B,Clifftop,Well drained,No,0,85,0,False,65.09500777706167,11.116188599181992,5.0,1.0,10.0,11,0.0,5.5325625670102285,4.44625661086944,2.0,0.0,0.0,0.0,5.0,10.0,False,,False,65.09500777706167,1.0
3,Kanawha River,U.S. Route 60,Glasgow,Kanawha,WV,38.2056,-81.4211,EIA860,EIA_3936.0,Coal,,439.2,APPALACHIAN POWER COMPANY,WV_STATEWIDE,,345.0,0.0650321424352534,3,500-1000,1500.0,28.0,Appalachian Power Co,0.46105236365373664,Columbia Gas Trans Co,Interstate,"24-30""",1000.0,Columbia Gas Trans Co; Dominion Transmission Co,30.0,Columbia Gas Trans Co,0.23895689233952622,Upper Kanawha (HUC8: 05050006),,69.93689053,69.9,,,MEDIUM,EIA_RETIRED_GENERATOR; TRI_CLOSED_FLAG,,"Charleston, WV",0.0,No,94.529262086514,Relatively High,Relatively Low,Relatively Low,Relatively Low,,,0.21,0.071,B,Urban land,,No,8,286,0,False,93.1016309497825,20.0,12.0,7.0,14.0,11,8.0,10.0,4.44625661086944,2.0,0.0,0.0,0.0,5.0,10.0,False,,False,103.44625661086944,0.9
4,GREAT LAKES CHEMICAL CORP.,200 PICKENS ROAD,NITRO,PUTNAM,WV,38.435238,-81.846532,FRS,FRS_110000344191,Chemical Plant,325,,PAR INDUSTRIAL CORP,WV_STATEWIDE,,138.0,1.9442371076727794,5,50-200,625.0,2957.0,Appalachian Power Co,1.7514679005836267,Columbia Gas Trans Co,Interstate,"24-30""",1000.0,Columbia Gas Trans Co,30.0,Columbia Gas Trans Co,1.2948064647746858,Lower Kanawha (HUC8: 05050008),,80.16474297,80.2,,,MEDIUM,INSPECTION_LAPSED_5YR; NPDES_ALL_TERMINATED,GREAT LAKES CHEMICAL CORPORATION,"Charleston, WV",0.0,No,74.01399491094148,Relatively Low,Very Low,Very Low,Very Low,Freshwater Pond,,0.2,0.072,B,Urban land,,No,3,168,1000,False,89.87097931318806,13.0,5.0,10.0,14.0,11,5.4103870704506285,10.0,4.44625661086944,2.0,0.0,10.0,0.0,5.0,10.0,False,,False,99.85664368132007,0.9
5,"APPLIED PARTNERS, INC., RAVENSWOOD",CENTURY RD,RAVENSWOOD,JACKSON,WV,38.9309,-81.8229,FRS,FRS_110032631267,Steel/Metals Plant,331,,PECHINEY ROLLED PRODUCTS LLC,WV_STATEWIDE,,138.0,0.12524877633323142,2,50-200,325.0,,,3.1580128914292964,Columbia Gas Trans Co,Interstate,"24-30""",1000.0,Columbia Gas Trans Co,30.0,Columbia Gas Trans Co,1.5145470000744883,Upper Ohio-Shade (HUC8: 05030202),,504.71691701,504.7,,,MEDIUM,AIR_PERMIT_PERMANENTLY_CLOSED; NPDES_ALL_TERMINATED,,"Charleston, WV",25.66809681971071,No,56.45674300254453,Relatively Low,Very Low,Very Low,Very Low,,,0.18,0.068,B,"Udorthents, smoothed",,No,2,57,0,True,80.76522258179445,10.683974217141408,5.0,4.0,16.0,11,4.970905999851023,5.721983863381547,7.362272121619846,5.0,5.0,0.0,0.0,5.0,10.0,False,,False,89.73913620199383,0.9
6,WILLERT HOME PRODS,21ST & BEECH ST.,KENOVA,WAYNE,WV,38.40665,-82.58465,FRS,FRS_110000585974,Chemical Plant,325,,None,WV_STATEWIDE,,138.0,0.4147079683558684,2,50-200,325.0,872.0,Appalachian Power Co,0.7592476826224434,Columbia Gas Trans Co,Interstate,"24-30""",1000.0,Columbia Gas Trans Co; Columbia Gulf Pipeline,30.0,Columbia Gas Trans Co,3.0195018856378724,Raccoon-Symmes (HUC8: 05090101),,733.51740034,733.5,,,MEDIUM,INSPECTION_LAPSED_5YR; NPDES_ALL_TERMINATED,,"Huntington, WV--KY--OH",0.0,No,79.80279898218829,Relatively Low,Very Low,Relatively Low,Very Low,,,0.21,0.077,B,Urban land,,No,3,95,0,False,79.5840792527084,17.0,5.0,4.0,14.0,11,2.9804981143621276,10.0,4.44625661086944,5.0,0.0,0.0,0.0,5.0,10.0,False,,False,88.42675472523156,0.9
7,CABOT CORP. OHIO RIVER PLANT,1 CABOT DRIVE,WAVERLY,WOOD,WV,39.33455,-81.390904,FRS,FRS_110000499719,Chemical Plant,325,,HACKATHORN WILLIAM D HACKATHORN CHRYSTINA L,WV_STATEWIDE,,138.0,0.8830543358673968,3,50-200,425.0,42.0,Ohio Power Co,1.700744833259307,Dominion Transmission Co,Interstate,"20-36"" (Interstate)",1000.0,Dominion Transmission Co,36.0,Dominion Transmission Co,4.792292872871739,Little Muskingum-Middle Island (HUC8: 05030201),,45.7003903,45.7,,,MEDIUM,INSPECTION_LAPSED_10YR; NPDES_ALL_TERMINATED,,"Charleston, WV",58.204358839800236,No,79.83460559796438,Relatively Low,Very Low,Relatively Low,Relatively Low,,,0.15,0.062,B,Upshur,Well drained,No,2,125,0,False,66.48232749790327,13.0,5.0,7.0,14.0,11,1.207707127128261,0.2992735266999602,7.362272121619846,0.0,0.0,0.0,0.0,5.0,10.0,False,,False,73.86925277544807,0.9
8,EXCEL-PREMET INC,2140 PLEASANT VALLEY ROAD,HUNTINGTON,CABELL,WV,38.389382,-82.452214,FRS,FRS_110001931580,Steel/Metals Plant,331,,HAMER JAMES C TRUST,WV_STATEWIDE,,138.0,1.729430436963225,1,50-200,225.0,,Appalachian Power Co,1.3414332182713624,Columbia Gas Trans Co,Interstate,"24-30""",1000.0,Columbia Gas Trans Co,30.0,Columbia Gas Trans Co,4.185515197834724,Raccoon-Symmes (HUC8: 05090101),,54.88602386,54.9,,,LOW,NPDES_ALL_TERMINATED,,"Huntington, WV--KY--OH",0.10366154154198753,No,85.36895674300254,Relatively Moderate,Relatively Low,Relatively Low,Very Low,,,0.2,0.076,B,Urban land,,No,2,78,1200,False,66.9325983670833,13.0,5.0,1.0,16.0,11,1.8144848021652757,9.982723076409668,4.44625661086944,2.0,0.0,10.0,0.0,5.0,10.0,False,,False,89.24346448944439,0.75
9,Philip Sporn Power Plant,,New Haven,,WV,38.973614,-81.929753,GEM_COAL,GEM_L100000104261,Coal,,1105.5,NEW HAVEN INDUSTRIAL PARK LLC,WV_STATEWIDE,,138.0,0.5839384630961156,10,50-200,1125.0,,,2.5837743368979025,Columbia Gas Trans Co,Interstate,"24-30""",1000.0,Columbia Gas Trans Co,30.0,Columbia Gas Trans Co,0.0,Upper Ohio-Shade (HUC8: 05030202),,208.64507602,208.6,,,LOW,TRI_CLOSED_FLAG,,"Charleston, WV",27.17820041302906,No,,,,,,Freshwater Pond,,0.18,0.068,B,Miscellaneous water,,No,0,0,0,False,66.2270634430245,11.832451326204195,5.0,10.0,14.0,11,8.0,5.470299931161824,5.0,3.0,0.0,0.0,0.0,5.0,10.0,False,,False,88.30275125736601,0.75
10,Philip Sporn,State Route 62,Graham Station,Mason,WV,38.9669,-81.9231,EIA860,EIA_3938.0,Coal,,1105.5,NEW HAVEN INDUSTRIAL PARK LLC,WV_STATEWIDE,,138.0,0.3623137928241815,10,50-200,1125.0,1300.0,Appalachian Power Co,3.1403408248431774,Columbia Gas Trans Co,Interstate,"24-30""",1000.0,Columbia Gas Trans Co,30.0,Columbia Gas Trans Co,0.09454720420883361,Upper Ohio-Shade (HUC8: 05030202),,208.64507602,208.6,,,LOW,EIA_RETIRED_GENERATOR,,"Charleston, WV",26.762256014107955,No,57.44274809160306,Relatively Low,Very Low,Very Low,Very Low,Riverine,,0.18,0.068,B,"Udorthents, smoothed",,No,0,80,0,False,65.02889921912382,10.719318350313646,5.0,10.0,14.0,11,8.0,5.539623997648674,4.44625661086944,3.0,0.0,0.0,0.0,5.0,10.0,False,,False,86.70519895883176,0.75
11,Mitchland LLC,3334 DuPont Ave,BELLE,,WV,38.21428098,-81.45855899,SRP_REDEV_MAPPER,SRP_254236,Other Brownfield,,,MITCHLAND LLC,WV_STATEWIDE,,138.0,1.4341082463082973,3,50-200,425.0,,,2.2859638523318906,Columbia Gas Trans Co,Interstate,"24-30""",1000.0,Columbia Gas Trans Co,30.0,Columbia Gas Trans Co,1.729275787084647,Upper Kanawha (HUC8: 05050006),,205.99,206.0,,EPA_REDEV_MAPPER,LOW,TRI_CLOSED_FLAG,WRECK-A-MENDED,"Charleston, WV",0.0,No,,,,,,,,0.21,0.071,B,Urban land,,No,0,0,0,False,58.4771405408752,12.428072295336218,5.0,7.0,5.0,11,4.541448425830707,10.0,5.0,3.0,0.0,0.0,0.0,5.0,10.0,False,,False,77.96952072116693,0.75
12,"FLINT GROUP PRINTING SYSTEMS US LLC, HUNTINGTON",2401 5TH AVENUE,HUNTINGTON,CABELL,WV,38.424171,-82.415414,FRS,FRS_110056969419,Chemical Plant,325,,None,WV_STATEWIDE,,138.0,0.6060486482710776,3,50-200,425.0,,Appalachian Power Co,2.7557885440307337,Columbia Gas Trans Co,Interstate,"24-30""",1000.0,Columbia Gas Trans Co,30.0,Columbia Gas Trans Co,6.9560628127703845,Raccoon-Symmes (HUC8: 05090101),,4467.98471941,4468.0,,,VERY_HIGH,TRI_CLOSED_FLAG; INSPECTION_LAPSED_5YR; AIR_PERMIT_PERMANENTLY_CLOSED; ACRES_BROWNFIELD,,"Huntington, WV--KY--OH",0.0,No,85.36895674300254,Relatively Moderate,Relatively Low,Relatively Low,Very Low,,,0.2,0.076,B,Urban land,,No,2,78,1200,True,97.93467952280797,11.488422911938532,5.0,7.0,14.0,11,0.0,10.0,4.44625661086944,5.0,5.0,10.0,0.0,5.0,10.0,False,,False,97.93467952280797,1.0
13,Morgantown Energy Facility (WV),,Morgantown,,WV,39.639998,-79.961394,GEM_COAL,GEM_L100000104257,Coal,,68.9,None,WV_STATEWIDE,,138.0,0.04706336747623455,3,50-200,425.0,,,0.22682386205148658,Dominion Transmission Co,Interstate,"20-36"" (Interstate)",1000.0,Dominion Transmission Co,36.0,Dominion Transmission Co,1.924647579896214,Upper Monongahela (HUC8: 05020003),,819.70369252,819.7,,,UNVERIFIED,,,"Pittsburgh, PA",36.609794572195206,No,,,,,,Riverine,,0.12,0.053,B,Urban land,,No,0,0,10000,False,85.04171154978211,20.0,5.0,7.0,14.0,11,4.150704840207572,3.898367571300798,5.0,5.0,0.0,10.0,0.0,5.0,10.0,False,,True,100.04907241150836,0.85
14,Weirton Frontier Browns Island Former Coke Plant,Browns Island,WEIRTON,,WV,40.42316719,-80.6096077,SRP_REDEV_MAPPER,SRP_261097,Steel/Metals Plant,,,MINGO JUNCTION STEEL WORKS,WV_STATEWIDE,,500.0,2.99265306286974,6,1000-2000,3000.0,,,0.4737152472763952,Columbia Gas Trans Co,Interstate,"24-30""",1000.0,Columbia Gas Trans Co; Rover Pipeline,30.0,Columbia Gas Trans Co,7.371466529042835,Upper Ohio (HUC8: 05030101),,249.0,249.0,,EPA_REDEV_MAPPER,UNVERIFIED,,,"Pittsburgh, PA",16.13949839390744,No,,,,,,,,0.11,0.052,B,"Udorthents, smoothed",,No,0,0,1200,False,78.61705852071078,20.0,15.0,10.0,16.0,11,0.0,7.310083601015426,5.0,3.0,0.0,10.0,0.0,5.0,10.0,False,,False,112.31008360101542,0.7
15,Kammer Plant,,Moundsville,,WV,39.838189,-80.818103,GEM_COAL,GEM_L100000104253,Coal,,712.5,None,WV_STATEWIDE,,765.0,0.13237456777216045,10,1000-2000,4000.0,,,0.5794919229713735,Texas Eastern Trans Co,Interstate,"30-42""",1000.0,Columbia Gas Trans Co; Dominion Transmission Co; Rover Pipeline; Texas Eastern Trans Co,42.0,Columbia Gas Trans Co,0.24020360955151102,Upper Ohio-Wheeling (HUC8: 05030106),,242.54828135,242.5,,,UNVERIFIED,,,"Pittsburgh, PA",34.32856624178181,No,,,,,,,,0.13,0.056,B,Udorthents,,No,0,0,1200,False,78.59500060512545,17.0,15.0,10.0,14.0,11,8.0,4.278572293036365,5.0,3.0,0.0,10.0,0.0,5.0,10.0,False,,False,112.27857229303636,0.7
16,COLUMBIAN CHEMICALS COMPANY,ROUTE 2,PROCTOR,MARSHALL,WV,39.75673,-80.805394,FRS,FRS_110010443029,Chemical Plant,325,,CONSOL RCPC LLC,WV_STATEWIDE,,138.0,2.6432370646012036,4,50-200,525.0,1748.0,Wheeling Power Co,1.725147136309443,Dominion Transmission Co,Interstate,"20-36"" (Interstate)",1000.0,Columbia Gas Trans Co; Dominion Transmission Co; Texas Eastern Trans Co,36.0,Columbia Gas Trans Co,2.858977836965754,Little Muskingum-Middle Island (HUC8: 05030201),,156.7366502,156.7,,,UNVERIFIED,,,"Pittsburgh, PA",37.669498662408664,No,56.80661577608143,Relatively Low,Very Low,Relatively Low,Very Low,,,0.13,0.056,B,Culleoka,Well drained,No,1,44,0,True,62.957834110271804,13.0,5.0,10.0,14.0,11,3.141022163034246,3.721750222931889,7.076990628707875,3.0,5.0,0.0,0.0,5.0,10.0,False,,False,89.93976301467401,0.7
17,PPG Natrium Plant,,New Martinsville,,WV,39.746519,-80.853631,GEM_COAL,GEM_L100000104263,Coal,,82.0,EAGLE NATRIUM LLC,WV_STATEWIDE,,138.0,0.6099799417715802,3,50-200,425.0,,,0.35471149957652437,Dominion Transmission Co,Interstate,"20-36"" (Interstate)",1000.0,Columbia Gas Trans Co; Dominion Transmission Co; Texas Eastern Trans Co,36.0,Columbia Gas Trans Co,2.4610665843077464,Little Muskingum-Middle Island (HUC8: 05030201),,334.76625499,334.8,,,UNVERIFIED,,,"Pittsburgh, PA",39.968331930379044,No,,,,,,Riverine,,0.13,0.056,B,Udorthents,,No,0,0,0,False,61.51428133244035,20.0,5.0,7.0,14.0,11,3.5389334156922536,3.338611344936826,5.0,4.0,0.0,0.0,0.0,5.0,10.0,False,,False,87.87754476062908,0.7
18,White Park Woodlands,1001 Mississippi Street ,MORGANTOWN,,WV,39.61041201,-79.95827904,SRP_REDEV_MAPPER,SRP_262702,Other Brownfield,,,CITY OF MORGANTOWN,WV_STATEWIDE,,138.0,1.3620298217328395,1,50-200,225.0,,,0.39997160841963136,Dominion Transmission Co,Interstate,"20-36"" (Interstate)",1000.0,Dominion Transmission Co,36.0,Dominion Transmission Co,0.04667564633604432,Upper Monongahela (HUC8: 05020003),,170.0,170.0,,EPA_REDEV_MAPPER,UNVERIFIED,,,"Pittsburgh, PA",38.56758803632848,No,,,,,,Riverine; Freshwater Forested/Shrub Wetland,,0.12,0.053,B,Lobdell,Moderately well drained,No,0,0,10000,False,60.60044806242834,20.0,5.0,1.0,5.0,11,8.0,3.5720686606119187,5.0,3.0,0.0,10.0,0.0,5.0,10.0,False,,False,86.57206866061192,0.7
19,ZOETIS LLC,1 DUGGAR DR,SAINT MARYS,PLEASANTS,WV,39.353336,-81.313411,FRS,FRS_110000344789,Chemical Plant,325,,CYTEC INDUSTRIES INC,WV_STATEWIDE,,138.0,0.31608743232865844,3,50-200,425.0,1756.0,American Transmission Systems Inc,3.2621100576892417,Hope Natural Gas Co,Intrastate,"6-20"" (Intrastate)",300.0,Dominion Transmission Co; Hope Natural Gas Co,20.0,Dominion Transmission Co,0.6513989534350765,Little Muskingum-Middle Island (HUC8: 05030201),,477.14385982,477.1,,,UNVERIFIED,,,"Charleston, WV",59.497049469348504,No,20.260814249363868,Very Low,Very Low,Very Low,Very Low,Riverine; Freshwater Forested/Shrub Wetland; Freshwater Emergent Wetland,,0.15,0.062,B,Huntington,Well drained,No,0,25,0,False,56.92139689666008,10.475779884621517,5.0,7.0,14.0,11,7.394404186259694,0.08382508844191561,7.362272121619846,4.0,0.0,0.0,0.0,5.0,10.0,False,,False,81.31628128094297,0.7
20,Beech Bottom Industrial Park - Parcel No. 2 Site,2481 River Road,BEECH BOTTOM,,WV,40.213864,-80.65127,SRP_REDEV_MAPPER,SRP_219586,Other Brownfield,,,BUSINESS DEV CORP OF THE NORTHERN PANHANDLE,WV_STATEWIDE,,138.0,0.7081097157924819,4,50-200,525.0,,,1.684637585582199,Columbia Gas Trans Co,Interstate,"24-30""",1000.0,Columbia Gas Trans Co,30.0,Columbia Gas Trans Co,3.526378829039587,Upper Ohio-Wheeling (HUC8: 05030106),,390.74,390.7,,EPA_REDEV_MAPPER,UNVERIFIED,,,"Pittsburgh, PA",16.585517520568953,No,,,,,,,,0.12,0.053,B,"Udorthents,dumps,low",Well drained,No,0,0,0,False,54.39655777560591,13.0,5.0,10.0,5.0,11,2.473621170960413,7.235747079905175,5.0,4.0,0.0,0.0,0.0,5.0,10.0,False,,False,77.7093682508656,0.7
21,CENTRAL SUPPLY COMPANY OF WEST VIRGINIA,ROUTE 73 NORTH,BRIDGEPORT,HARRISON,WV,39.351188,-80.222007,FRS,FRS_110057521686,Minerals/Cement Plant,327,,C1 LLC 1/2 INT & HEATHER FINLY IRRV TRT FBO GEORGE FINLY ETAL,WV_STATEWIDE,,138.0,1.2596582453646237,1,50-200,225.0,2052.0,Monongahela Power Co,0.0790224178159497,Dominion Transmission Co,Interstate,"20-36"" (Interstate)",1000.0,Dominion Transmission Co; Equitrans Inc,36.0,Dominion Transmission Co,3.9808146808508313,West Fork (HUC8: 05020002),,59.01980842,59.0,,,UNVERIFIED,,,"Pittsburgh, PA",53.56186890049396,No,73.60050890585241,Relatively Low,Very Low,Relatively Low,Relatively Low,,,0.13,0.055,B,Melvin,Poorly drained,Yes,1,133,0,False,53.51813550348068,20.0,5.0,1.0,12.0,11,2.0191853191491687,1.0730218499176725,7.362272121619846,2.0,0.0,0.0,0.0,5.0,10.0,False,,False,76.45447929068669,0.7
22,"LOWE PRODUCTS COMPANY, INC.",777 POTOMAC FARMS DRIVE,SHEPHERDSTOWN,JEFFERSON,WV,39.432828,-77.825799,FRS,FRS_110044954332,Wood/Lumber Mill,321,,OLDCASTLE LAWN & GARDEN INC,WV_STATEWIDE,,138.0,0.1524989928489235,1,50-200,225.0,4.0,Appalachian Power Co,9.287246757921316,Dominion Transmission Co,Interstate,"20-36"" (Interstate)",1000.0,,36.0,Dominion Transmission Co,0.9885657758162554,Conococheague-Opequon (HUC8: 02070004),,41.81041708,41.8,,,UNVERIFIED,,,"Hagerstown, MD--WV--PA--VA",3.339904177085991,No,47.80534351145038,Relatively Low,Relatively Low,Relatively Low,Relatively Low,,,0.14,0.041,A,Hagerstown,Well drained,No,3,107,1200,False,53.08424253299907,0.9978545389101573,5.0,1.0,10.0,11,6.0457368967349785,9.443349303819002,7.347691450534544,0.0,0.0,10.0,0.0,5.0,10.0,False,,False,75.83463218999867,0.7
